phc_id,medicine_id,medicine_name,current_stock,daily_consumption,beds_available,doctors_present,nurses_present,patient_footfall,timestamp
MH-PUNE-PHC-001,ORS,ORS Packets (Oral Rehydration),10,44,6,2,4,124,2026-09-28T15:30:23.276Z
MH-PUNE-PHC-001,PARACETAMOL_500,Paracetamol 500mg Tablets,308,40,6,2,4,93,2026-09-28T15:30:23.276Z
MH-PUNE-PHC-001,AMOXICILLIN_500,Amoxicillin 500mg Capsules,82,25,5,2,4,105,2026-09-28T15:30:23.276Z
MH-PUNE-PHC-001,AZITHROMYCIN_500,Azithromycin 500mg Tablets,62,18,5,2,4,91,2026-09-28T15:30:23.276Z
MH-PUNE-PHC-001,METFORMIN_500,Metformin 500mg Tablets,165,19,6,2,4,98,2026-09-28T15:30:23.276Z
MH-PUNE-PHC-001,INSULIN_REGULAR,Insulin Regular (100IU/ml),46,6,5,2,4,104,2026-09-28T15:30:23.277Z
MH-PUNE-PHC-001,RABIES_VACCINE,Anti-Rabies Vaccine (ARV),16,1,4,2,4,98,2026-09-28T15:30:23.277Z
MH-PUNE-PHC-001,OXYGEN_CYLINDER,Medical Oxygen D-Type,10,3,6,2,4,105,2026-09-28T15:30:23.277Z
MH-PUNE-PHC-002,ORS,ORS Packets (Oral Rehydration),10,46,4,1,3,86,2026-09-28T15:30:23.277Z
MH-PUNE-PHC-002,PARACETAMOL_500,Paracetamol 500mg Tablets,341,38,3,1,3,79,2026-09-28T15:30:23.277Z
MH-PUNE-PHC-002,AMOXICILLIN_500,Amoxicillin 500mg Capsules,40,26,4,1,3,75,2026-09-28T15:30:23.278Z
MH-PUNE-PHC-002,AZITHROMYCIN_500,Azithromycin 500mg Tablets,123,11,5,1,3,63,2026-09-28T15:30:23.278Z
MH-PUNE-PHC-002,METFORMIN_500,Metformin 500mg Tablets,224,25,5,1,3,61,2026-09-28T15:30:23.278Z
MH-PUNE-PHC-002,INSULIN_REGULAR,Insulin Regular (100IU/ml),10,7,3,1,3,76,2026-09-28T15:30:23.278Z
MH-PUNE-PHC-002,RABIES_VACCINE,Anti-Rabies Vaccine (ARV),63,1,3,1,3,73,2026-09-28T15:30:23.278Z
MH-PUNE-PHC-002,OXYGEN_CYLINDER,Medical Oxygen D-Type,10,1,4,1,3,71,2026-09-28T15:30:23.279Z
MH-PUNE-PHC-003,ORS,ORS Packets (Oral Rehydration),40,22,3,1,2,110,2026-09-28T15:30:23.279Z
MH-PUNE-PHC-003,PARACETAMOL_500,Paracetamol 500mg Tablets,196,38,7,2,4,109,2026-09-28T15:30:23.279Z
MH-PUNE-PHC-003,AMOXICILLIN_500,Amoxicillin 500mg Capsules,39,26,7,2,4,115,2026-09-28T15:30:23.280Z
MH-PUNE-PHC-003,AZITHROMYCIN_500,Azithromycin 500mg Tablets,207,15,7,2,4,104,2026-09-28T15:30:23.280Z
MH-PUNE-PHC-003,METFORMIN_500,Metformin 500mg Tablets,258,19,7,2,4,105,2026-09-28T15:30:23.281Z
MH-PUNE-PHC-003,INSULIN_REGULAR,Insulin Regular (100IU/ml),29,4,6,2,4,105,2026-09-28T15:30:23.281Z
MH-PUNE-PHC-003,RABIES_VACCINE,Anti-Rabies Vaccine (ARV),133,2,6,2,4,106,2026-09-28T15:30:23.281Z
MH-PUNE-PHC-003,OXYGEN_CYLINDER,Medical Oxygen D-Type,10,2,6,2,4,115,2026-09-28T15:30:23.281Z
MH-PUNE-PHC-004,ORS,ORS Packets (Oral Rehydration),10,32,3,1,2,110,2026-09-28T15:30:23.281Z
MH-PUNE-PHC-004,PARACETAMOL_500,Paracetamol 500mg Tablets,353,37,4,1,2,65,2026-09-28T15:30:23.282Z
MH-PUNE-PHC-004,AMOXICILLIN_500,Amoxicillin 500mg Capsules,160,23,2,1,2,72,2026-09-28T15:30:23.282Z
MH-PUNE-PHC-004,AZITHROMYCIN_500,Azithromycin 500mg Tablets,153,11,2,1,2,77,2026-09-28T15:30:23.282Z
MH-PUNE-PHC-004,METFORMIN_500,Metformin 500mg Tablets,270,23,4,1,2,77,2026-09-28T15:30:23.282Z
MH-PUNE-PHC-004,INSULIN_REGULAR,Insulin Regular (100IU/ml),93,3,3,1,2,72,2026-09-28T15:30:23.282Z
MH-PUNE-PHC-004,RABIES_VACCINE,Anti-Rabies Vaccine (ARV),35,4,3,1,2,59,2026-09-28T15:30:23.283Z
MH-PUNE-PHC-004,OXYGEN_CYLINDER,Medical Oxygen D-Type,10,5,4,1,2,69,2026-09-28T15:30:23.283Z
MH-PUNE-PHC-011,ORS,ORS Packets (Oral Rehydration),620,15,8,3,5,75,2026-09-28T15:30:23.283Z
MH-PUNE-PHC-011,PARACETAMOL_500,Paracetamol 500mg Tablets,95,38,10,3,6,151,2026-09-28T15:30:23.283Z
MH-PUNE-PHC-011,AMOXICILLIN_500,Amoxicillin 500mg Capsules,325,25,9,3,6,147,2026-09-28T15:30:23.285Z
MH-PUNE-PHC-011,AZITHROMYCIN_500,Azithromycin 500mg Tablets,76,16,8,3,6,135,2026-09-28T15:30:23.285Z
MH-PUNE-PHC-011,METFORMIN_500,Metformin 500mg Tablets,24,24,8,3,6,130,2026-09-28T15:30:23.285Z
MH-PUNE-PHC-011,INSULIN_REGULAR,Insulin Regular (100IU/ml),10,6,9,3,6,136,2026-09-28T15:30:23.285Z
MH-PUNE-PHC-011,RABIES_VACCINE,Anti-Rabies Vaccine (ARV),34,3,9,3,6,133,2026-09-28T15:30:23.286Z
MH-PUNE-PHC-011,OXYGEN_CYLINDER,Medical Oxygen D-Type,10,1,8,3,6,134,2026-09-28T15:30:23.286Z
MH-NSK-PHC-001,ORS,ORS Packets (Oral Rehydration),81,25,5,1,3,124,2026-09-28T15:30:23.286Z
MH-NSK-PHC-001,PARACETAMOL_500,Paracetamol 500mg Tablets,22,36,3,1,3,69,2026-09-28T15:30:23.286Z
MH-NSK-PHC-001,AMOXICILLIN_500,Amoxicillin 500mg Capsules,330,27,4,1,3,89,2026-09-28T15:30:23.286Z
MH-NSK-PHC-001,AZITHROMYCIN_500,Azithromycin 500mg Tablets,68,12,3,1,3,74,2026-09-28T15:30:23.286Z
MH-NSK-PHC-001,METFORMIN_500,Metformin 500mg Tablets,128,24,5,1,3,83,2026-09-28T15:30:23.287Z
MH-NSK-PHC-001,INSULIN_REGULAR,Insulin Regular (100IU/ml),101,1,4,1,3,82,2026-09-28T15:30:23.287Z
MH-NSK-PHC-001,RABIES_VACCINE,Anti-Rabies Vaccine (ARV),92,1,4,1,3,68,2026-09-28T15:30:23.287Z
MH-NSK-PHC-001,OXYGEN_CYLINDER,Medical Oxygen D-Type,10,3,5,1,3,67,2026-09-28T15:30:23.287Z
MH-NSK-PHC-002,ORS,ORS Packets (Oral Rehydration),13,34,6,2,3,111,2026-09-28T15:30:23.287Z
MH-NSK-PHC-002,PARACETAMOL_500,Paracetamol 500mg Tablets,332,43,5,2,3,100,2026-09-28T15:30:23.287Z
MH-NSK-PHC-002,AMOXICILLIN_500,Amoxicillin 500mg Capsules,345,25,4,2,3,86,2026-09-28T15:30:23.287Z
MH-NSK-PHC-002,AZITHROMYCIN_500,Azithromycin 500mg Tablets,187,18,5,2,3,94,2026-09-28T15:30:23.288Z
MH-NSK-PHC-002,METFORMIN_500,Metformin 500mg Tablets,124,21,4,2,3,93,2026-09-28T15:30:23.288Z
MH-NSK-PHC-002,INSULIN_REGULAR,Insulin Regular (100IU/ml),77,5,5,2,3,100,2026-09-28T15:30:23.288Z
MH-NSK-PHC-002,RABIES_VACCINE,Anti-Rabies Vaccine (ARV),10,7,5,2,3,86,2026-09-28T15:30:23.289Z
MH-NSK-PHC-002,OXYGEN_CYLINDER,Medical Oxygen D-Type,10,1,5,2,3,99,2026-09-28T15:30:23.289Z
BR-PATNA-PHC-001,ORS,ORS Packets (Oral Rehydration),38,30,8,3,5,175,2026-09-28T15:30:23.289Z
BR-PATNA-PHC-001,PARACETAMOL_500,Paracetamol 500mg Tablets,10,40,6,3,5,117,2026-09-28T15:30:23.289Z
BR-PATNA-PHC-001,AMOXICILLIN_500,Amoxicillin 500mg Capsules,196,21,8,3,5,133,2026-09-28T15:30:23.289Z
BR-PATNA-PHC-001,AZITHROMYCIN_500,Azithromycin 500mg Tablets,36,16,8,3,5,132,2026-09-28T15:30:23.290Z
BR-PATNA-PHC-001,METFORMIN_500,Metformin 500mg Tablets,153,25,8,3,5,132,2026-09-28T15:30:23.290Z
BR-PATNA-PHC-001,INSULIN_REGULAR,Insulin Regular (100IU/ml),41,8,7,3,5,132,2026-09-28T15:30:23.290Z
BR-PATNA-PHC-001,RABIES_VACCINE,Anti-Rabies Vaccine (ARV),38,4,7,3,5,132,2026-09-28T15:30:23.290Z
BR-PATNA-PHC-001,OXYGEN_CYLINDER,Medical Oxygen D-Type,10,3,7,3,5,115,2026-09-28T15:30:23.290Z
BR-PATNA-PHC-004,ORS,ORS Packets (Oral Rehydration),10,40,9,4,6,196,2026-09-28T15:30:23.290Z
BR-PATNA-PHC-004,PARACETAMOL_500,Paracetamol 500mg Tablets,263,38,8,4,6,158,2026-09-28T15:30:23.290Z
BR-PATNA-PHC-004,AMOXICILLIN_500,Amoxicillin 500mg Capsules,109,28,9,4,6,156,2026-09-28T15:30:23.291Z
BR-PATNA-PHC-004,AZITHROMYCIN_500,Azithromycin 500mg Tablets,24,14,8,4,6,138,2026-09-28T15:30:23.291Z
BR-PATNA-PHC-004,METFORMIN_500,Metformin 500mg Tablets,67,23,8,4,6,159,2026-09-28T15:30:23.291Z
BR-PATNA-PHC-004,INSULIN_REGULAR,Insulin Regular (100IU/ml),57,4,9,4,6,143,2026-09-28T15:30:23.291Z
BR-PATNA-PHC-004,RABIES_VACCINE,Anti-Rabies Vaccine (ARV),58,1,8,4,6,157,2026-09-28T15:30:23.291Z
BR-PATNA-PHC-004,OXYGEN_CYLINDER,Medical Oxygen D-Type,10,1,10,4,6,142,2026-09-28T15:30:23.291Z
BR-PATNA-PHC-009,ORS,ORS Packets (Oral Rehydration),10,46,6,2,4,139,2026-09-28T15:30:23.291Z
BR-PATNA-PHC-009,PARACETAMOL_500,Paracetamol 500mg Tablets,365,38,5,2,4,107,2026-09-28T15:30:23.292Z
BR-PATNA-PHC-009,AMOXICILLIN_500,Amoxicillin 500mg Capsules,21,26,5,2,4,111,2026-09-28T15:30:23.292Z
BR-PATNA-PHC-009,AZITHROMYCIN_500,Azithromycin 500mg Tablets,157,11,7,2,4,104,2026-09-28T15:30:23.292Z
BR-PATNA-PHC-009,METFORMIN_500,Metformin 500mg Tablets,243,20,5,2,4,96,2026-09-28T15:30:23.292Z
BR-PATNA-PHC-009,INSULIN_REGULAR,Insulin Regular (100IU/ml),113,7,6,2,4,95,2026-09-28T15:30:23.292Z
BR-PATNA-PHC-009,RABIES_VACCINE,Anti-Rabies Vaccine (ARV),117,3,7,2,4,106,2026-09-28T15:30:23.292Z
BR-PATNA-PHC-009,OXYGEN_CYLINDER,Medical Oxygen D-Type,10,4,7,2,4,109,2026-09-28T15:30:23.292Z
BR-GAYA-PHC-001,ORS,ORS Packets (Oral Rehydration),10,34,5,2,4,148,2026-09-28T15:30:23.293Z
BR-GAYA-PHC-001,PARACETAMOL_500,Paracetamol 500mg Tablets,263,42,5,2,4,102,2026-09-28T15:30:23.293Z
BR-GAYA-PHC-001,AMOXICILLIN_500,Amoxicillin 500mg Capsules,162,27,5,2,4,107,2026-09-28T15:30:23.293Z
BR-GAYA-PHC-001,AZITHROMYCIN_500,Azithromycin 500mg Tablets,144,13,6,2,4,98,2026-09-28T15:30:23.293Z
BR-GAYA-PHC-001,METFORMIN_500,Metformin 500mg Tablets,175,20,6,2,4,89,2026-09-28T15:30:23.293Z
BR-GAYA-PHC-001,INSULIN_REGULAR,Insulin Regular (100IU/ml),74,3,7,2,4,91,2026-09-28T15:30:23.293Z
BR-GAYA-PHC-001,RABIES_VACCINE,Anti-Rabies Vaccine (ARV),41,7,7,2,4,104,2026-09-28T15:30:23.293Z
BR-GAYA-PHC-001,OXYGEN_CYLINDER,Medical Oxygen D-Type,10,1,5,2,4,91,2026-09-28T15:30:23.294Z
TN-MDU-PHC-001,ORS,ORS Packets (Oral Rehydration),90,29,6,2,3,123,2026-09-28T15:30:23.294Z
TN-MDU-PHC-001,PARACETAMOL_500,Paracetamol 500mg Tablets,395,40,6,2,3,100,2026-09-28T15:30:23.294Z
TN-MDU-PHC-001,AMOXICILLIN_500,Amoxicillin 500mg Capsules,48,28,4,2,3,93,2026-09-28T15:30:23.294Z
TN-MDU-PHC-001,AZITHROMYCIN_500,Azithromycin 500mg Tablets,192,13,6,2,3,92,2026-09-28T15:30:23.294Z
TN-MDU-PHC-001,METFORMIN_500,Metformin 500mg Tablets,211,25,5,2,3,98,2026-09-28T15:30:23.294Z
TN-MDU-PHC-001,INSULIN_REGULAR,Insulin Regular (100IU/ml),77,1,5,2,3,90,2026-09-28T15:30:23.294Z
TN-MDU-PHC-001,RABIES_VACCINE,Anti-Rabies Vaccine (ARV),34,2,6,2,3,87,2026-09-28T15:30:23.295Z
TN-MDU-PHC-001,OXYGEN_CYLINDER,Medical Oxygen D-Type,10,1,4,2,3,82,2026-09-28T15:30:23.295Z
TN-MDU-PHC-002,ORS,ORS Packets (Oral Rehydration),10,32,4,2,3,123,2026-09-28T15:30:23.295Z
TN-MDU-PHC-002,PARACETAMOL_500,Paracetamol 500mg Tablets,296,39,5,2,3,77,2026-09-28T15:30:23.295Z
TN-MDU-PHC-002,AMOXICILLIN_500,Amoxicillin 500mg Capsules,17,24,5,2,3,77,2026-09-28T15:30:23.295Z
TN-MDU-PHC-002,AZITHROMYCIN_500,Azithromycin 500mg Tablets,208,13,3,2,3,78,2026-09-28T15:30:23.295Z
TN-MDU-PHC-002,METFORMIN_500,Metformin 500mg Tablets,177,23,4,2,3,80,2026-09-28T15:30:23.295Z
TN-MDU-PHC-002,INSULIN_REGULAR,Insulin Regular (100IU/ml),31,4,5,2,3,83,2026-09-28T15:30:23.296Z
TN-MDU-PHC-002,RABIES_VACCINE,Anti-Rabies Vaccine (ARV),26,1,5,2,3,84,2026-09-28T15:30:23.296Z
TN-MDU-PHC-002,OXYGEN_CYLINDER,Medical Oxygen D-Type,10,2,5,2,3,90,2026-09-28T15:30:23.297Z
TN-MDU-PHC-005,ORS,ORS Packets (Oral Rehydration),10,36,4,2,4,126,2026-09-28T15:30:23.297Z
TN-MDU-PHC-005,PARACETAMOL_500,Paracetamol 500mg Tablets,48,43,5,2,4,96,2026-09-28T15:30:23.297Z
TN-MDU-PHC-005,AMOXICILLIN_500,Amoxicillin 500mg Capsules,70,27,4,2,4,87,2026-09-28T15:30:23.297Z
TN-MDU-PHC-005,AZITHROMYCIN_500,Azithromycin 500mg Tablets,184,12,6,2,4,99,2026-09-28T15:30:23.297Z
TN-MDU-PHC-005,METFORMIN_500,Metformin 500mg Tablets,12,22,4,2,4,84,2026-09-28T15:30:23.297Z
TN-MDU-PHC-005,INSULIN_REGULAR,Insulin Regular (100IU/ml),33,5,6,2,4,87,2026-09-28T15:30:23.298Z
TN-MDU-PHC-005,RABIES_VACCINE,Anti-Rabies Vaccine (ARV),20,3,5,2,4,86,2026-09-28T15:30:23.298Z
TN-MDU-PHC-005,OXYGEN_CYLINDER,Medical Oxygen D-Type,10,2,6,2,4,95,2026-09-28T15:30:23.298Z
TN-TNV-PHC-001,ORS,ORS Packets (Oral Rehydration),10,44,6,2,3,97,2026-09-28T15:30:23.298Z
TN-TNV-PHC-001,PARACETAMOL_500,Paracetamol 500mg Tablets,284,39,4,2,3,85,2026-09-28T15:30:23.298Z
TN-TNV-PHC-001,AMOXICILLIN_500,Amoxicillin 500mg Capsules,187,23,4,2,3,71,2026-09-28T15:30:23.298Z
TN-TNV-PHC-001,AZITHROMYCIN_500,Azithromycin 500mg Tablets,115,16,5,2,3,92,2026-09-28T15:30:23.298Z
TN-TNV-PHC-001,METFORMIN_500,Metformin 500mg Tablets,10,25,6,2,3,88,2026-09-28T15:30:23.299Z
TN-TNV-PHC-001,INSULIN_REGULAR,Insulin Regular (100IU/ml),39,1,5,2,3,71,2026-09-28T15:30:23.299Z
TN-TNV-PHC-001,RABIES_VACCINE,Anti-Rabies Vaccine (ARV),79,6,4,2,3,92,2026-09-28T15:30:23.299Z
TN-TNV-PHC-001,OXYGEN_CYLINDER,Medical Oxygen D-Type,10,1,5,2,3,74,2026-09-28T15:30:23.299Z